{
    "RPT": {
        "ScanTime": "0.45 sec.",
        "ScanFile": "20230328_mediabitportal_a0b3a6484a8d6b7f5739_20230328101204_scan.json",
        "Warnings": 0,
        "Success": 6
    },
    "SRV": {
        "PHP": {
            "websrv": true,
            "openbase": true,
            "maxtime": true,
            "mysqli": true,
            "version": true
        },
        "SYS": {
            "managedHost": true,
            "ALL": "Good"
        },
        "WP": {
            "version": true,
            "core": true,
            "ismu": false,
            "ALL": "Good"
        }
    },
    "ARC": {
        "Size": "0B",
        "DirCount": "0",
        "FileCount": "0",
        "FullCount": "0",
        "WarnFileCount": 0,
        "WarnDirCount": 0,
        "UnreadableDirCount": 0,
        "UnreadableFileCount": 0,
        "FilterDirsAll": [
            "C:\/laragon\/www\/mb-portal\/web\/app\/ai1wm-backups",
            "C:\/laragon\/www\/mb-portal\/web\/app\/backups-dup-lite",
            "C:\/laragon\/www\/mb-portal\/web\/app\/backups-dup-pro",
            "C:\/laragon\/www\/mb-portal\/web\/app\/backupwordpress",
            "C:\/laragon\/www\/mb-portal\/web\/app\/bps-backup",
            "C:\/laragon\/www\/mb-portal\/web\/app\/cache",
            "C:\/laragon\/www\/mb-portal\/web\/app\/content\/cache",
            "C:\/laragon\/www\/mb-portal\/web\/app\/contents\/cache",
            "C:\/laragon\/www\/mb-portal\/web\/app\/infinitewp\/backups",
            "C:\/laragon\/www\/mb-portal\/web\/app\/managewp\/backups",
            "C:\/laragon\/www\/mb-portal\/web\/app\/old-cache",
            "C:\/laragon\/www\/mb-portal\/web\/app\/plugins\/all-in-one-wp-migration\/storage",
            "C:\/laragon\/www\/mb-portal\/web\/app\/updraft",
            "C:\/laragon\/www\/mb-portal\/web\/app\/uploads\/aiowps_backups",
            "C:\/laragon\/www\/mb-portal\/web\/app\/uploads\/backupbuddy_backups",
            "C:\/laragon\/www\/mb-portal\/web\/app\/uploads\/backupbuddy_temp",
            "C:\/laragon\/www\/mb-portal\/web\/app\/uploads\/ithemes-security\/backups",
            "C:\/laragon\/www\/mb-portal\/web\/app\/uploads\/mainwp\/backup",
            "C:\/laragon\/www\/mb-portal\/web\/app\/uploads\/pb_backupbuddy",
            "C:\/laragon\/www\/mb-portal\/web\/app\/uploads\/snapshots",
            "C:\/laragon\/www\/mb-portal\/web\/app\/uploads\/sucuri",
            "C:\/laragon\/www\/mb-portal\/web\/app\/uploads\/wp-clone",
            "C:\/laragon\/www\/mb-portal\/web\/app\/uploads\/wp_all_backup",
            "C:\/laragon\/www\/mb-portal\/web\/app\/uploads\/wpbackitup_backups",
            "C:\/laragon\/www\/mb-portal\/web\/app\/wfcache",
            "C:\/laragon\/www\/mb-portal\/web\/app\/wishlist-backup",
            "C:\/laragon\/www\/mb-portal\/web\/wp\/.opcache",
            "C:\/laragon\/www\/mb-portal\/web\/wp\/wp-snapshots"
        ],
        "FilterFilesAll": [
            "error_log",
            "error.log",
            "debug_log",
            "ws_ftp.log",
            "dbcache",
            "pgcache",
            "objectcache",
            ".DS_Store",
            "C:\/laragon\/www\/mb-portal\/web\/wp\/.htaccess",
            "C:\/laragon\/www\/mb-portal\/web\/wp\/web.config",
            "C:\/laragon\/www\/mb-portal\/web\/wp\/wp-config.php"
        ],
        "FilterExtsAll": [],
        "FilterInfo": {
            "Dirs": {
                "Core": [
                    "C:\/laragon\/www\/mb-portal\/web\/wp\/wp-snapshots",
                    "C:\/laragon\/www\/mb-portal\/web\/app\/backups-dup-lite",
                    "C:\/laragon\/www\/mb-portal\/web\/wp\/.opcache",
                    "C:\/laragon\/www\/mb-portal\/web\/app\/backups-dup-pro",
                    "C:\/laragon\/www\/mb-portal\/web\/app\/ai1wm-backups",
                    "C:\/laragon\/www\/mb-portal\/web\/app\/backupwordpress",
                    "C:\/laragon\/www\/mb-portal\/web\/app\/content\/cache",
                    "C:\/laragon\/www\/mb-portal\/web\/app\/contents\/cache",
                    "C:\/laragon\/www\/mb-portal\/web\/app\/infinitewp\/backups",
                    "C:\/laragon\/www\/mb-portal\/web\/app\/managewp\/backups",
                    "C:\/laragon\/www\/mb-portal\/web\/app\/old-cache",
                    "C:\/laragon\/www\/mb-portal\/web\/app\/plugins\/all-in-one-wp-migration\/storage",
                    "C:\/laragon\/www\/mb-portal\/web\/app\/updraft",
                    "C:\/laragon\/www\/mb-portal\/web\/app\/wishlist-backup",
                    "C:\/laragon\/www\/mb-portal\/web\/app\/wfcache",
                    "C:\/laragon\/www\/mb-portal\/web\/app\/bps-backup",
                    "C:\/laragon\/www\/mb-portal\/web\/app\/cache",
                    "C:\/laragon\/www\/mb-portal\/web\/app\/uploads\/aiowps_backups",
                    "C:\/laragon\/www\/mb-portal\/web\/app\/uploads\/backupbuddy_temp",
                    "C:\/laragon\/www\/mb-portal\/web\/app\/uploads\/backupbuddy_backups",
                    "C:\/laragon\/www\/mb-portal\/web\/app\/uploads\/ithemes-security\/backups",
                    "C:\/laragon\/www\/mb-portal\/web\/app\/uploads\/mainwp\/backup",
                    "C:\/laragon\/www\/mb-portal\/web\/app\/uploads\/pb_backupbuddy",
                    "C:\/laragon\/www\/mb-portal\/web\/app\/uploads\/snapshots",
                    "C:\/laragon\/www\/mb-portal\/web\/app\/uploads\/sucuri",
                    "C:\/laragon\/www\/mb-portal\/web\/app\/uploads\/wp-clone",
                    "C:\/laragon\/www\/mb-portal\/web\/app\/uploads\/wp_all_backup",
                    "C:\/laragon\/www\/mb-portal\/web\/app\/uploads\/wpbackitup_backups"
                ],
                "Global": [],
                "Instance": [],
                "Warning": [],
                "Unreadable": [],
                "AddonSites": []
            },
            "Files": {
                "Core": [],
                "Global": [
                    "error_log",
                    "error.log",
                    "debug_log",
                    "ws_ftp.log",
                    "dbcache",
                    "pgcache",
                    "objectcache",
                    ".DS_Store"
                ],
                "Instance": [],
                "Warning": [],
                "Unreadable": [],
                "AddonSites": [],
                "Size": []
            },
            "Exts": {
                "Core": [],
                "Global": [],
                "Instance": []
            },
            "UDirCount": 0,
            "UFileCount": 0,
            "UExtCount": 0,
            "TreeSize": [],
            "TreeWarning": []
        },
        "RecursiveLinks": [],
        "UnreadableItems": [],
        "Status": {
            "Size": "Good",
            "Names": "Good",
            "UnreadableItems": "Good",
            "MigratePackage": "Good",
            "CanbeMigratePackage": true,
            "showCreateProcFuncStatus": "Good",
            "showCreateProcFunc": true,
            "AddonSites": "Good"
        },
        "Dirs": [],
        "Files": []
    },
    "DB": {
        "Status": {
            "Success": true,
            "DB_Case": "Good",
            "DB_Rows": "Good",
            "DB_Size": "Good",
            "TBL_Case": "Good",
            "TBL_Rows": "Good",
            "TBL_Size": "Good",
            "Triggers": "Good"
        },
        "Size": 3883008,
        "Rows": 363,
        "TableCount": 13,
        "TableList": {
            "wp_commentmeta": {
                "Case": 0,
                "Rows": "0",
                "Size": "48KB",
                "USize": "49152"
            },
            "wp_comments": {
                "Case": 0,
                "Rows": "0",
                "Size": "96KB",
                "USize": "98304"
            },
            "wp_duplicator_packages": {
                "Case": 0,
                "Rows": "0",
                "Size": "32KB",
                "USize": "32768"
            },
            "wp_links": {
                "Case": 0,
                "Rows": "0",
                "Size": "32KB",
                "USize": "32768"
            },
            "wp_options": {
                "Case": 0,
                "Rows": "176",
                "Size": "3.06MB",
                "USize": "3211264"
            },
            "wp_postmeta": {
                "Case": 0,
                "Rows": "132",
                "Size": "48KB",
                "USize": "49152"
            },
            "wp_posts": {
                "Case": 0,
                "Rows": "37",
                "Size": "112KB",
                "USize": "114688"
            },
            "wp_termmeta": {
                "Case": 0,
                "Rows": "0",
                "Size": "48KB",
                "USize": "49152"
            },
            "wp_terms": {
                "Case": 0,
                "Rows": "0",
                "Size": "48KB",
                "USize": "49152"
            },
            "wp_term_relationships": {
                "Case": 0,
                "Rows": "0",
                "Size": "32KB",
                "USize": "32768"
            },
            "wp_term_taxonomy": {
                "Case": 0,
                "Rows": "0",
                "Size": "48KB",
                "USize": "49152"
            },
            "wp_usermeta": {
                "Case": 0,
                "Rows": "18",
                "Size": "48KB",
                "USize": "49152"
            },
            "wp_users": {
                "Case": 0,
                "Rows": "0",
                "Size": "64KB",
                "USize": "65536"
            }
        },
        "RawSize": 3883008,
        "EasySize": "3.7MB"
    },
    "LL": {
        "TotalSize": "3.7MB",
        "Status": {
            "TotalSize": "Good"
        }
    }
}